Handle,Title,Body (HTML),Vendor,Type,Tags,Published,Option1 Name,Option1 Value,Option2 Name,Option2 Value,Option3 Name,Option3 Value,Variant SKU,Variant Grams,Variant Inventory Tracker,Variant Inventory Qty,Variant Inventory Policy,Variant Fulfillment Service,Variant Price,Variant Compare At Price,Variant Requires Shipping,Variant Taxable,Variant Barcode,Image Src,Image Alt Text,Gift Card,SEO Title,SEO Description,Google Shopping / Google Product Category,Google Shopping / Gender,Google Shopping / Age Group,Google Shopping / MPN,Google Shopping / AdWords Grouping,Google Shopping / AdWords Labels,Google Shopping / Condition,Google Shopping / Custom Product,Google Shopping / Custom Label 0,Google Shopping / Custom Label 1,Google Shopping / Custom Label 2,Google Shopping / Custom Label 3,Google Shopping / Custom Label 4,Variant Image,Variant Weight Unit,Variant Tax Code
mini-sink-climbing-sack,Mini Sink Climbing Sack,"<p><span>﻿The MiniSink is a bespoke Climbing bag, designed for fashion, comfort, and durability. It's not that it's only stylish; the first job of the designer is to construct a piece of material that looks great. But more importantly, the Climbing Sack is robust. That means no rips, no tears, and a backpack that you can pass down to your Grandchildren. </span></p>",allenlake,"",portage,true,Color,Yellow,,,,,857977-yellow,0,shopify,92,deny,manual,180.00,,true,false,,https://cdn.shopify.com/s/files/1/1544/3585/products/product-image-97586073.jpg?v=1476651367,,false,,,,,,,,,,,,,,,,,lb,
mini-sink-climbing-sack,,,,,,,,Rose,,,,,857977-rose,0,shopify,95,deny,manual,180.00,,true,false,,https://cdn.shopify.com/s/files/1/1544/3585/products/product-image-97586100.jpg?v=1476651367,,,,,,,,,,,,,,,,,,,lb,
mini-sink-climbing-sack,,,,,,,,Navy blue,,,,,857977-navy-blue,0,shopify,88,deny,manual,180.00,,true,false,,https://cdn.shopify.com/s/files/1/1544/3585/products/product-image-97586158.jpg?v=1476651367,,,,,,,,,,,,,,,,,,,lb,
mini-sink-climbing-sack,,,,,,,,Green,,,,,857977-green,0,shopify,97,deny,manual,180.00,,true,false,,https://cdn.shopify.com/s/files/1/1544/3585/products/product-image-97586135.jpg?v=1476651367,,,,,,,,,,,,,,,,,,,lb,
mini-sink-climbing-sack,,,,,,,,Blue,,,,,857977-blue,0,shopify,95,deny,manual,180.00,,true,false,,,,,,,,,,,,,,,,,,,,,lb,
mini-sink-climbing-sack,,,,,,,,Orange,,,,,857977-orange,0,shopify,82,deny,manual,180.00,,true,false,,,,,,,,,,,,,,,,,,,,,lb,
mini-sink-climbing-sack,,,,,,,,Red,,,,,857977-red,0,shopify,95,deny,manual,180.00,,true,false,,,,,,,,,,,,,,,,,,,,,lb,
mini-sink-climbing-sack,,,,,,,,Light blue,,,,,857977-light-blue,0,shopify,98,deny,manual,180.00,,true,false,,,,,,,,,,,,,,,,,,,,,lb,
kitchen-sink-climbing-sack,Kitchen Sink Climbing Sack,"<p><span>﻿The 85L Kitchen</span><span>Sink </span><span>is a bespoke </span><span>Climbing bag</span><span>, designed for fashion, comfort, and durability. It's not that it's only stylish; the first job of the designer is to construct a piece of material that looks great. But more importantly, the Climbing Sack </span><span>is robust. That means no rips, no tears, and a backpack that you can pass down to your Grandchildren. </span></p>",allenlake,"",portage,true,Color,Blue,Capacity,Other,,,869225-blue-other,0,shopify,76,deny,manual,210.00,,true,false,,https://cdn.shopify.com/s/files/1/1544/3585/products/product-image-61159245.jpg?v=1476651434,,false,,,,,,,,,,,,,,,,,lb,
kitchen-sink-climbing-sack,,,,,,,,Black,,Other,,,869225-black-other,0,shopify,23,deny,manual,210.00,,true,false,,https://cdn.shopify.com/s/files/1/1544/3585/products/product-image-61159246.jpg?v=1476651434,,,,,,,,,,,,,,,,,,,lb,
kitchen-sink-climbing-sack,,,,,,,,Green,,Other,,,869225-green-other,0,shopify,78,deny,manual,210.00,,true,false,,https://cdn.shopify.com/s/files/1/1544/3585/products/product-image-61159248.jpg?v=1476651434,,,,,,,,,,,,,,,,,,,lb,
kitchen-sink-climbing-sack,,,,,,,,Navy blue,,Other,,,869225-navy-blue-other,0,shopify,44,deny,manual,210.00,,true,false,,https://cdn.shopify.com/s/files/1/1544/3585/products/product-image-61159247.jpg?v=1476651434,,,,,,,,,,,,,,,,,,,lb,
kitchen-sink-climbing-sack,,,,,,,,Orange,,Other,,,869225-orange-other,0,shopify,61,deny,manual,210.00,,true,false,,,,,,,,,,,,,,,,,,,,,lb,
kitchen-sink-climbing-sack,,,,,,,,Red,,Other,,,869225-red-other,0,shopify,46,deny,manual,210.00,,true,false,,,,,,,,,,,,,,,,,,,,,lb,
dover-fleece,Dover Fleece,"<h1>Classic Cool.</h1>
<p><span>The Dover Fleece was built for style. No question about it. But take a closer look, and you'll notice a number of touches designed for maximum durability. Made from ultrawarm fleece-lining polyester and cotton, the Dover is super-warm, and is an excellent choice for temperatures between 30-40 degrees, Fahrenheit. You can try to rip, tear, break, or scratch it, but this jacket holds up to nearly anything that comes at it. This product is best cleaned by dry-cleaning services.</span></p>
<p> </p>
<table>
<tbody>
<tr>
<th>size</th>
<th>Cross Shoulder(cm)</th>
<th>Chest Width(cm)</th>
<th>Body Length(cm)</th>
<th>Sleeve Length(cm)</th>
</tr>
<tr>
<td>M</td>
<td>46</td>
<td>100</td>
<td>68</td>
<td>61</td>
</tr>
<tr>
<td>L</td>
<td>48</td>
<td>104</td>
<td>70</td>
<td>62</td>
</tr>
<tr>
<td>XL</td>
<td>50</td>
<td>108</td>
<td>72</td>
<td>63</td>
</tr>
<tr>
<td>XXL</td>
<td>52</td>
<td>112</td>
<td>74</td>
<td>64</td>
</tr>
<tr>
<td>XXXL</td>
<td>54</td>
<td>116</td>
<td>76</td>
<td>65</td>
</tr>
</tbody>
</table>",allenlake,"",mjacket,true,Color,Blue,Size,M,,,2135844-blue-m,0,shopify,444,deny,manual,90.00,,true,false,,https://cdn.shopify.com/s/files/1/1544/3585/products/product-image-101455865.jpg?v=1476651277,,false,,,,,,,,,,,,,,,,,lb,
dover-fleece,,,,,,,,Blue,,L,,,2135844-blue-l,0,shopify,444,deny,manual,90.00,,true,false,,https://cdn.shopify.com/s/files/1/1544/3585/products/product-image-101455870.jpg?v=1476651277,,,,,,,,,,,,,,,,,,,lb,
dover-fleece,,,,,,,,Blue,,XL,,,2135844-blue-xl,0,shopify,444,deny,manual,90.00,,true,false,,https://cdn.shopify.com/s/files/1/1544/3585/products/product-image-101455866.jpg?v=1476651277,,,,,,,,,,,,,,,,,,,lb,
dover-fleece,,,,,,,,Blue,,XXL,,,2135844-blue-xxl,0,shopify,444,deny,manual,90.00,,true,false,,https://cdn.shopify.com/s/files/1/1544/3585/products/product-image-101455868.jpg?v=1476651277,,,,,,,,,,,,,,,,,,,lb,
dover-fleece,,,,,,,,Blue,,XXXL,,,2135844-blue-xxxl,0,shopify,444,deny,manual,90.00,,true,false,,,,,,,,,,,,,,,,,,,,,lb,
dover-fleece,,,,,,,,Black,,M,,,2135844-black-m,0,shopify,444,deny,manual,90.00,,true,false,,,,,,,,,,,,,,,,,,,,https://cdn.shopify.com/s/files/1/1544/3585/products/product-image-101455870.jpg?v=1476651277,lb,
dover-fleece,,,,,,,,Black,,L,,,2135844-black-l,0,shopify,443,deny,manual,90.00,,true,false,,,,,,,,,,,,,,,,,,,,https://cdn.shopify.com/s/files/1/1544/3585/products/product-image-101455870.jpg?v=1476651277,lb,
dover-fleece,,,,,,,,Black,,XL,,,2135844-black-xl,0,shopify,444,deny,manual,90.00,,true,false,,,,,,,,,,,,,,,,,,,,https://cdn.shopify.com/s/files/1/1544/3585/products/product-image-101455870.jpg?v=1476651277,lb,
dover-fleece,,,,,,,,Black,,XXL,,,2135844-black-xxl,0,shopify,444,deny,manual,90.00,,true,false,,,,,,,,,,,,,,,,,,,,https://cdn.shopify.com/s/files/1/1544/3585/products/product-image-101455870.jpg?v=1476651277,lb,
dover-fleece,,,,,,,,Black,,XXXL,,,2135844-black-xxxl,0,shopify,444,deny,manual,90.00,,true,false,,,,,,,,,,,,,,,,,,,,https://cdn.shopify.com/s/files/1/1544/3585/products/product-image-101455870.jpg?v=1476651277,lb,
dover-fleece,,,,,,,,Army Green,,M,,,2135844-army-green-m,0,shopify,444,deny,manual,90.00,,true,false,,,,,,,,,,,,,,,,,,,,,lb,
dover-fleece,,,,,,,,Army Green,,L,,,2135844-army-green-l,0,shopify,443,deny,manual,90.00,,true,false,,,,,,,,,,,,,,,,,,,,,lb,
dover-fleece,,,,,,,,Army Green,,XL,,,2135844-army-green-xl,0,shopify,444,deny,manual,90.00,,true,false,,,,,,,,,,,,,,,,,,,,,lb,
dover-fleece,,,,,,,,Army Green,,XXL,,,2135844-army-green-xxl,0,shopify,444,deny,manual,90.00,,true,false,,,,,,,,,,,,,,,,,,,,,lb,
dover-fleece,,,,,,,,Army Green,,XXXL,,,2135844-army-green-xxxl,0,shopify,443,deny,manual,90.00,,true,false,,,,,,,,,,,,,,,,,,,,,lb,
bomber-leather,Leather Bomber,"<h1>Classic Cool.</h1>
<p><span>The Delphi Leather Bomber was built for style. No question about it. But take a closer look, and you'll notice a number of touches designed for maximum durability. Made from Genuine Cowhide Leather, the Delphi is super-warm, and is an excellent choice for temperatures between 30-40 degrees, Fahrenheit. You can try to rip, tear, break, or scratch it, but this jacket holds up to nearly anything that comes at it. This product is best cleaned by dry-cleaning services.<strong><br></strong></span></p>
<p> </p>",allenlake,"",mjacket,true,Color,As shown,Size,M,,,338753-as-shown-m,0,shopify,486,deny,manual,190.00,,true,false,,https://cdn.shopify.com/s/files/1/1544/3585/products/product-image-76330538.jpg?v=1476650471,,false,,,,,,,,,,,,,,,,https://cdn.shopify.com/s/files/1/1544/3585/products/product-image-95096360.jpg?v=1476650470,lb,
bomber-leather,,,,,,,,As shown,,L,,,338753-as-shown-l,0,shopify,480,deny,manual,190.00,,true,false,,https://cdn.shopify.com/s/files/1/1544/3585/products/product-image-95096360.jpg?v=1476650470,,,,,,,,,,,,,,,,,,https://cdn.shopify.com/s/files/1/1544/3585/products/product-image-95096360.jpg?v=1476650470,lb,
bomber-leather,,,,,,,,As shown,,XL,,,338753-as-shown-xl,0,shopify,491,deny,manual,190.00,,true,false,,https://cdn.shopify.com/s/files/1/1544/3585/products/product-image-95096365.jpg?v=1476650470,,,,,,,,,,,,,,,,,,https://cdn.shopify.com/s/files/1/1544/3585/products/product-image-95096360.jpg?v=1476650470,lb,
bomber-leather,,,,,,,,As shown,,XXL,,,338753-as-shown-xxl,0,shopify,485,deny,manual,190.00,,true,false,,https://cdn.shopify.com/s/files/1/1544/3585/products/product-image-95096369.jpg?v=1476650471,,,,,,,,,,,,,,,,,,https://cdn.shopify.com/s/files/1/1544/3585/products/product-image-95096360.jpg?v=1476650470,lb,
bomber-leather,,,,,,,,As shown,,XXXL,,,338753-as-shown-xxxl,0,shopify,485,deny,manual,190.00,,true,false,,,,,,,,,,,,,,,,,,,,https://cdn.shopify.com/s/files/1/1544/3585/products/product-image-95096360.jpg?v=1476650470,lb,
bomber-leather,,,,,,,,As shown,,4XL,,,338753-as-shown-4xl,0,shopify,486,deny,manual,190.00,,true,false,,,,,,,,,,,,,,,,,,,,https://cdn.shopify.com/s/files/1/1544/3585/products/product-image-95096360.jpg?v=1476650470,lb,
bomber-leather,,,,,,,,Dark Coffee,,M,,,338753-dark-coffee-m,0,shopify,487,deny,manual,190.00,,true,false,,,,,,,,,,,,,,,,,,,,https://cdn.shopify.com/s/files/1/1544/3585/products/product-image-95096365.jpg?v=1476650470,lb,
bomber-leather,,,,,,,,Dark Coffee,,L,,,338753-dark-coffee-l,0,shopify,473,deny,manual,190.00,,true,false,,,,,,,,,,,,,,,,,,,,https://cdn.shopify.com/s/files/1/1544/3585/products/product-image-95096365.jpg?v=1476650470,lb,
bomber-leather,,,,,,,,Dark Coffee,,XL,,,338753-dark-coffee-xl,0,shopify,464,deny,manual,190.00,,true,false,,,,,,,,,,,,,,,,,,,,https://cdn.shopify.com/s/files/1/1544/3585/products/product-image-95096365.jpg?v=1476650470,lb,
bomber-leather,,,,,,,,Dark Coffee,,XXL,,,338753-dark-coffee-xxl,0,shopify,465,deny,manual,190.00,,true,false,,,,,,,,,,,,,,,,,,,,https://cdn.shopify.com/s/files/1/1544/3585/products/product-image-95096365.jpg?v=1476650470,lb,
bomber-leather,,,,,,,,Dark Coffee,,XXXL,,,338753-dark-coffee-xxxl,0,shopify,468,deny,manual,190.00,,true,false,,,,,,,,,,,,,,,,,,,,https://cdn.shopify.com/s/files/1/1544/3585/products/product-image-95096365.jpg?v=1476650470,lb,
bomber-leather,,,,,,,,Dark Coffee,,4XL,,,338753-dark-coffee-4xl,0,shopify,458,deny,manual,190.00,,true,false,,,,,,,,,,,,,,,,,,,,https://cdn.shopify.com/s/files/1/1544/3585/products/product-image-95096365.jpg?v=1476650470,lb,
bomber-leather,,,,,,,,Light Coffee,,M,,,338753-light-coffee-m,0,shopify,484,deny,manual,190.00,,true,false,,,,,,,,,,,,,,,,,,,,https://cdn.shopify.com/s/files/1/1544/3585/products/product-image-95096369.jpg?v=1476650471,lb,
bomber-leather,,,,,,,,Light Coffee,,L,,,338753-light-coffee-l,0,shopify,490,deny,manual,190.00,,true,false,,,,,,,,,,,,,,,,,,,,https://cdn.shopify.com/s/files/1/1544/3585/products/product-image-95096369.jpg?v=1476650471,lb,
bomber-leather,,,,,,,,Light Coffee,,XL,,,338753-light-coffee-xl,0,shopify,488,deny,manual,190.00,,true,false,,,,,,,,,,,,,,,,,,,,https://cdn.shopify.com/s/files/1/1544/3585/products/product-image-95096369.jpg?v=1476650471,lb,
bomber-leather,,,,,,,,Light Coffee,,XXL,,,338753-light-coffee-xxl,0,shopify,492,deny,manual,190.00,,true,false,,,,,,,,,,,,,,,,,,,,https://cdn.shopify.com/s/files/1/1544/3585/products/product-image-95096369.jpg?v=1476650471,lb,
bomber-leather,,,,,,,,Light Coffee,,XXXL,,,338753-light-coffee-xxxl,0,shopify,494,deny,manual,190.00,,true,false,,,,,,,,,,,,,,,,,,,,https://cdn.shopify.com/s/files/1/1544/3585/products/product-image-95096369.jpg?v=1476650471,lb,
bomber-leather,,,,,,,,Light Coffee,,4XL,,,338753-light-coffee-4xl,0,shopify,484,deny,manual,190.00,,true,false,,,,,,,,,,,,,,,,,,,,https://cdn.shopify.com/s/files/1/1544/3585/products/product-image-95096369.jpg?v=1476650471,lb,
bomber-leather,,,,,,,,As shown,,5XL,,,338753-as-shown-5xl,0,shopify,497,deny,manual,190.00,,true,false,,,,,,,,,,,,,,,,,,,,https://cdn.shopify.com/s/files/1/1544/3585/products/product-image-95096360.jpg?v=1476650470,lb,
bomber-leather,,,,,,,,Dark Coffee,,5XL,,,338753-dark-coffee-5xl,0,shopify,494,deny,manual,190.00,,true,false,,,,,,,,,,,,,,,,,,,,https://cdn.shopify.com/s/files/1/1544/3585/products/product-image-95096365.jpg?v=1476650470,lb,
bomber-leather,,,,,,,,Light Coffee,,5XL,,,338753-light-coffee-5xl,0,shopify,500,deny,manual,190.00,,true,false,,,,,,,,,,,,,,,,,,,,https://cdn.shopify.com/s/files/1/1544/3585/products/product-image-95096369.jpg?v=1476650471,lb,
leather-rucksack,Leather Rucksack,"The Leather Rucksack is a perennial favorite for the cosmopolitan gentleman who is as adept at scaling a 50-foot boulder as he is sauntering into a coffee shop, clad in one of our stellar leather jackets. The Leather Rucksack is not only a style choice, but a practical one. It can hold 35L of stuff, which means you can fit a whole lot of groceries in it. But you can also pick in as much gear as you can, because the roll-top ensures that every single thing can fit inside. When there's a will, there's a way. But there's also our Leather Rucksack.",allenlake,"",portage,true,Title,Default Title,,,,,2102282-black-14-inches,0,shopify,2,deny,manual,100.00,,true,false,"",https://cdn.shopify.com/s/files/1/1544/3585/products/product-image-99957081.jpg?v=1476734929,,false,,,,,,,,,,,,,,,,,lb,
leather-rucksack,,,,,,,,,,,,,,,,,,,,,,,,https://cdn.shopify.com/s/files/1/1544/3585/products/product-image-99957086.jpg?v=1476734929,,,,,,,,,,,,,,,,,,,,
leather-rucksack,,,,,,,,,,,,,,,,,,,,,,,,https://cdn.shopify.com/s/files/1/1544/3585/products/product-image-99957088.jpg?v=1476734929,,,,,,,,,,,,,,,,,,,,
gear-sack,Gear Sack,<p><span><strong>is_customized:</strong> Yes</span><br><span><strong>Model Number:</strong> 100478</span><br><span><strong>Color:</strong> As Shown</span><br><span><strong>Material:</strong> Mesh</span><br><span><strong>Quanlity:</strong> Good</span></p>,allenlake,"","",true,Color,Blue S,,,,,624450-blue-s,0,shopify,162,deny,manual,2.40,,true,false,,https://cdn.shopify.com/s/files/1/1544/3585/products/product-image-77116896.jpg?v=1476649915,,false,,,,,,,,,,,,,,,,,lb,
gear-sack,,,,,,,,Orange M,,,,,624450-orange-m,0,shopify,139,deny,manual,2.60,,true,false,,,,,,,,,,,,,,,,,,,,,lb,
gear-sack,,,,,,,,Green L,,,,,624450-green-l,0,shopify,124,deny,manual,2.94,,true,false,,,,,,,,,,,,,,,,,,,,,lb,
gear-sack,,,,,,,,Blue XL,,,,,624450-blue-xl,0,shopify,167,deny,manual,3.48,,true,false,,,,,,,,,,,,,,,,,,,,,lb,
gear-sack,,,,,,,,Black XXL,,,,,624450-black-xxl,0,shopify,146,deny,manual,3.75,,true,false,,,,,,,,,,,,,,,,,,,,,lb,
survival-box,Survival Box,"<p>Our survival box is designed to fit everything you need into a small lunchbox-sized case. The SOS-can includes a fire-starter key, a multitool, a compass, tactical flashlight, and several bungee cords of various sizes. The SOS box is a necessary addition to any camping bag, and it makes a great gift for yourself or the adventure-inclined among us. </p>",allenlake,"",survival,true,Title,Default Title,,,,,'324049,0,shopify,7823,deny,manual,30.00,,true,false,"",https://cdn.shopify.com/s/files/1/1544/3585/products/product-image-78437854.jpg?v=1476650146,,false,,,,,,,,,,,,,,,,,lb,
survival-box,,,,,,,,,,,,,,,,,,,,,,,,https://cdn.shopify.com/s/files/1/1544/3585/products/product-image-11507647.jpg?v=1476650146,,,,,,,,,,,,,,,,,,,,
survival-box,,,,,,,,,,,,,,,,,,,,,,,,https://cdn.shopify.com/s/files/1/1544/3585/products/product-image-93038053.jpg?v=1476650146,,,,,,,,,,,,,,,,,,,,
belowzero-jacket,BelowZero Jacket,"<h1>Give 'em hell. </h1>
<p>We built our BelowZero Down Jacket to withstand the brutal Wisconsin winters that we grew up with in the Midwestern United States. This jacket is no exeception to our experiences, and we decided to start from scratch: first, we lined the shell with a nylon-down padding that blocks wind and keeps your core warm. On the outside, we incorporate a signature wind-proof stocking to protect against wind-chill, so you'll never be caught off guard again by what the weatherman really meant when he said ""real feel.""</p>",allenlake,"",mjacket,true,Color,Green,Size,L,,,1902980-green-l,0,shopify,983,deny,manual,220.00,,true,false,,https://cdn.shopify.com/s/files/1/1544/3585/products/product-image-85218844.jpg?v=1476650066,,false,,,,,,,,,,,,,,,,https://cdn.shopify.com/s/files/1/1544/3585/products/product-image-96362172.jpg?v=1476650066,lb,
belowzero-jacket,,,,,,,,Black,,L,,,1902980-black-l,0,shopify,978,deny,manual,220.00,,true,false,,https://cdn.shopify.com/s/files/1/1544/3585/products/product-image-96362177.jpg?v=1476650066,,,,,,,,,,,,,,,,,,https://cdn.shopify.com/s/files/1/1544/3585/products/product-image-96362174.jpg?v=1476650066,lb,
belowzero-jacket,,,,,,,,Blue,,L,,,1902980-blue-l,0,shopify,967,deny,manual,220.00,,true,false,,https://cdn.shopify.com/s/files/1/1544/3585/products/product-image-96362174.jpg?v=1476650066,,,,,,,,,,,,,,,,,,https://cdn.shopify.com/s/files/1/1544/3585/products/product-image-96362177.jpg?v=1476650066,lb,
belowzero-jacket,,,,,,,,Sky Blue,,L,,,1902980-sky-blue-l,0,shopify,990,deny,manual,220.00,,true,false,,https://cdn.shopify.com/s/files/1/1544/3585/products/product-image-96362181.jpg?v=1476650066,,,,,,,,,,,,,,,,,,https://cdn.shopify.com/s/files/1/1544/3585/products/product-image-96362181.jpg?v=1476650066,lb,
belowzero-jacket,,,,,,,,Sky Blue,,XXXL,,,1902980-sky-blue-xxxl,0,shopify,989,deny,manual,220.00,,true,false,,https://cdn.shopify.com/s/files/1/1544/3585/products/product-image-96362172.jpg?v=1476650066,,,,,,,,,,,,,,,,,,https://cdn.shopify.com/s/files/1/1544/3585/products/product-image-96362181.jpg?v=1476650066,lb,
belowzero-jacket,,,,,,,,Blue,,M,,,1902980-blue-m,0,shopify,974,deny,manual,220.00,,true,false,,,,,,,,,,,,,,,,,,,,https://cdn.shopify.com/s/files/1/1544/3585/products/product-image-96362177.jpg?v=1476650066,lb,
belowzero-jacket,,,,,,,,Green,,XXL,,,1902980-green-xxl,0,shopify,986,deny,manual,220.00,,true,false,,,,,,,,,,,,,,,,,,,,https://cdn.shopify.com/s/files/1/1544/3585/products/product-image-96362172.jpg?v=1476650066,lb,
belowzero-jacket,,,,,,,,Black,,XL,,,1902980-black-xl,0,shopify,973,deny,manual,220.00,,true,false,,,,,,,,,,,,,,,,,,,,https://cdn.shopify.com/s/files/1/1544/3585/products/product-image-96362174.jpg?v=1476650066,lb,
belowzero-jacket,,,,,,,,Red,,XL,,,1902980-red-xl,0,shopify,977,deny,manual,220.00,,true,false,,,,,,,,,,,,,,,,,,,,,lb,
belowzero-jacket,,,,,,,,Blue,,XXL,,,1902980-blue-xxl,0,shopify,964,deny,manual,220.00,,true,false,,,,,,,,,,,,,,,,,,,,https://cdn.shopify.com/s/files/1/1544/3585/products/product-image-96362177.jpg?v=1476650066,lb,
belowzero-jacket,,,,,,,,Black,,XXXL,,,1902980-black-xxxl,0,shopify,965,deny,manual,220.00,,true,false,,,,,,,,,,,,,,,,,,,,https://cdn.shopify.com/s/files/1/1544/3585/products/product-image-96362174.jpg?v=1476650066,lb,
belowzero-jacket,,,,,,,,Red,,L,,,1902980-red-l,0,shopify,980,deny,manual,220.00,,true,false,,,,,,,,,,,,,,,,,,,,,lb,
belowzero-jacket,,,,,,,,Red,,XXL,,,1902980-red-xxl,0,shopify,982,deny,manual,220.00,,true,false,,,,,,,,,,,,,,,,,,,,,lb,
belowzero-jacket,,,,,,,,Green,,XL,,,1902980-green-xl,0,shopify,978,deny,manual,220.00,,true,false,,,,,,,,,,,,,,,,,,,,https://cdn.shopify.com/s/files/1/1544/3585/products/product-image-96362172.jpg?v=1476650066,lb,
belowzero-jacket,,,,,,,,Sky Blue,,M,,,1902980-sky-blue-m,0,shopify,989,deny,manual,220.00,,true,false,,,,,,,,,,,,,,,,,,,,https://cdn.shopify.com/s/files/1/1544/3585/products/product-image-96362181.jpg?v=1476650066,lb,
belowzero-jacket,,,,,,,,Blue,,XXXL,,,1902980-blue-xxxl,0,shopify,966,deny,manual,220.00,,true,false,,,,,,,,,,,,,,,,,,,,https://cdn.shopify.com/s/files/1/1544/3585/products/product-image-96362177.jpg?v=1476650066,lb,
belowzero-jacket,,,,,,,,Sky Blue,,XXL,,,1902980-sky-blue-xxl,0,shopify,996,deny,manual,220.00,,true,false,,,,,,,,,,,,,,,,,,,,https://cdn.shopify.com/s/files/1/1544/3585/products/product-image-96362181.jpg?v=1476650066,lb,
belowzero-jacket,,,,,,,,Green,,XXXL,,,1902980-green-xxxl,0,shopify,979,deny,manual,220.00,,true,false,,,,,,,,,,,,,,,,,,,,https://cdn.shopify.com/s/files/1/1544/3585/products/product-image-96362172.jpg?v=1476650066,lb,
belowzero-jacket,,,,,,,,Red,,XXXL,,,1902980-red-xxxl,0,shopify,967,deny,manual,220.00,,true,false,,,,,,,,,,,,,,,,,,,,,lb,
belowzero-jacket,,,,,,,,Red,,M,,,1902980-red-m,0,shopify,977,deny,manual,220.00,,true,false,,,,,,,,,,,,,,,,,,,,,lb,
belowzero-jacket,,,,,,,,Black,,XXL,,,1902980-black-xxl,0,shopify,965,deny,manual,220.00,,true,false,,,,,,,,,,,,,,,,,,,,https://cdn.shopify.com/s/files/1/1544/3585/products/product-image-96362174.jpg?v=1476650066,lb,
belowzero-jacket,,,,,,,,Black,,M,,,1902980-black-m,0,shopify,967,deny,manual,220.00,,true,false,,,,,,,,,,,,,,,,,,,,https://cdn.shopify.com/s/files/1/1544/3585/products/product-image-96362174.jpg?v=1476650066,lb,
belowzero-jacket,,,,,,,,Blue,,XL,,,1902980-blue-xl,0,shopify,964,deny,manual,220.00,,true,false,,,,,,,,,,,,,,,,,,,,https://cdn.shopify.com/s/files/1/1544/3585/products/product-image-96362177.jpg?v=1476650066,lb,
belowzero-jacket,,,,,,,,Sky Blue,,XL,,,1902980-sky-blue-xl,0,shopify,988,deny,manual,220.00,,true,false,,,,,,,,,,,,,,,,,,,,https://cdn.shopify.com/s/files/1/1544/3585/products/product-image-96362181.jpg?v=1476650066,lb,
belowzero-jacket,,,,,,,,Green,,M,,,1902980-green-m,0,shopify,973,deny,manual,220.00,,true,false,,,,,,,,,,,,,,,,,,,,https://cdn.shopify.com/s/files/1/1544/3585/products/product-image-96362172.jpg?v=1476650066,lb,
delancey-backpack,Delancey Backpack,"<h1>Engineering Design. </h1>
Precision-designed and passion-induced craftsmanship make the Delancey bag one of our staff favorites here at Allen &amp; Lake. The Delancey Bag is designed to feel lightweight but carry a robust amount of supplies, including the most essential items necessary for your next camping trip.",allenlake,"",portage,true,Title,Default Title,,,,,2102277-grey,0,shopify,500,deny,manual,75.00,,true,false,"",https://cdn.shopify.com/s/files/1/1544/3585/products/product-image-99956904.jpg?v=1476471501,,false,,,,,,,,,,,,,,,,,lb,
delancey-backpack,,,,,,,,,,,,,,,,,,,,,,,,https://cdn.shopify.com/s/files/1/1544/3585/products/product-image-99956903.jpg?v=1476471501,,,,,,,,,,,,,,,,,,,,
condor-roll-top,Condor Roll-Top,"<h1>Sacrifice Nothing.</h1>
Our Condor Roll-Top is built to take nearly everything, besides the kitchen sink, with you on your trek. We built this bag out of necessity. Our conventional backpacks and handhelds simply were not cutting it anymore. After three weeks of hiking, the last thing we wanted was to worry about our bag. We solved the problem with the Condor. A precision-wrapped roll-top ensures that your stuff stays waterproof, and the leather straps add a stylish touch to the most durable bag we've ever produced.",allenlake,"",portage,true,Color,Blue,,,,,2039908-blue,0,shopify,15,deny,manual,98.85,,true,false,,https://cdn.shopify.com/s/files/1/1544/3585/products/product-image-97937283.jpg?v=1476471374,,false,,,,,,,,,,,,,,,,https://cdn.shopify.com/s/files/1/1544/3585/products/product-image-97937282.jpg?v=1476485949,lb,
condor-roll-top,,,,,,,,Brown,,,,,2039908-brown,0,shopify,15,deny,manual,98.85,,true,false,,https://cdn.shopify.com/s/files/1/1544/3585/products/product-image-97937285.jpg?v=1476485948,,,,,,,,,,,,,,,,,,https://cdn.shopify.com/s/files/1/1544/3585/products/product-image-97937283.jpg?v=1476471374,lb,
condor-roll-top,,,,,,,,Army Green,,,,,2039908-army-green,0,shopify,15,deny,manual,98.85,,true,false,,https://cdn.shopify.com/s/files/1/1544/3585/products/product-image-91503759.jpg?v=1476485949,,,,,,,,,,,,,,,,,,https://cdn.shopify.com/s/files/1/1544/3585/products/product-image-97937285.jpg?v=1476485948,lb,
condor-roll-top,,,,,,,,Pink,,,,,2039908-pink,0,shopify,15,deny,manual,98.85,,true,false,,https://cdn.shopify.com/s/files/1/1544/3585/products/product-image-91503792.jpg?v=1476485949,,,,,,,,,,,,,,,,,,https://cdn.shopify.com/s/files/1/1544/3585/products/product-image-97937286.jpg?v=1476485949,lb,
condor-roll-top,,,,,,,,,,,,,,,,,,,,,,,,https://cdn.shopify.com/s/files/1/1544/3585/products/product-image-91503757.jpg?v=1476485949,,,,,,,,,,,,,,,,,,,,
condor-roll-top,,,,,,,,,,,,,,,,,,,,,,,,https://cdn.shopify.com/s/files/1/1544/3585/products/product-image-97937286.jpg?v=1476485949,,,,,,,,,,,,,,,,,,,,
condor-roll-top,,,,,,,,,,,,,,,,,,,,,,,,https://cdn.shopify.com/s/files/1/1544/3585/products/product-image-97937282.jpg?v=1476485949,,,,,,,,,,,,,,,,,,,,
condor-roll-top,,,,,,,,,,,,,,,,,,,,,,,,https://cdn.shopify.com/s/files/1/1544/3585/products/product-image-91503794.jpg?v=1476485949,,,,,,,,,,,,,,,,,,,,
condor-roll-top,,,,,,,,,,,,,,,,,,,,,,,,https://cdn.shopify.com/s/files/1/1544/3585/products/product-image-91503754.jpg?v=1476485949,,,,,,,,,,,,,,,,,,,,
club-glasses,Club Glasses,"<h1>Off-Trail Style. </h1>
Our Club Glasses are modeled in a classic American style that has outlived many a redwood tree. These glasses are cool, but they're also visually prescient: the lenses offer enhanced visual acuity, and the frames are made from SolidState neohyracine lining for optimal durability.",allenlake,"",sunglasses,true,Lenses Color,1brightblack,,,,,414518-1brightblack,0,shopify,960,deny,manual,30.00,,true,false,,https://cdn.shopify.com/s/files/1/1544/3585/products/product-image-93040676.jpg?v=1476471554,,false,,,,,,,,,,,,,,,,https://cdn.shopify.com/s/files/1/1544/3585/products/product-image-93040664.jpg?v=1476471554,lb,
club-glasses,,,,,,,,2white brwon,,,,,414518-2white-brwon,0,shopify,1020,deny,manual,30.00,,true,false,,https://cdn.shopify.com/s/files/1/1544/3585/products/product-image-35139209.jpg?v=1476471554,,,,,,,,,,,,,,,,,,https://cdn.shopify.com/s/files/1/1544/3585/products/product-image-93040667.jpg?v=1476471554,lb,
club-glasses,,,,,,,,3cyanblue gray,,,,,414518-3cyanblue-gray,0,shopify,1022,deny,manual,30.00,,true,false,,https://cdn.shopify.com/s/files/1/1544/3585/products/product-image-93040684.jpg?v=1476471554,,,,,,,,,,,,,,,,,,https://cdn.shopify.com/s/files/1/1544/3585/products/product-image-93040670.jpg?v=1476471554,lb,
club-glasses,,,,,,,,4black mercury,,,,,414518-4black-mercury,0,shopify,1010,deny,manual,30.00,,true,false,,https://cdn.shopify.com/s/files/1/1544/3585/products/product-image-93040670.jpg?v=1476471554,,,,,,,,,,,,,,,,,,,lb,
club-glasses,,,,,,,,5brown brown,,,,,414518-5brown-brown,0,shopify,1014,deny,manual,30.00,,true,false,,https://cdn.shopify.com/s/files/1/1544/3585/products/product-image-93040664.jpg?v=1476471554,,,,,,,,,,,,,,,,,,https://cdn.shopify.com/s/files/1/1544/3585/products/product-image-93040676.jpg?v=1476471554,lb,
club-glasses,,,,,,,,6black blue,,,,,414518-6black-blue,0,shopify,1019,deny,manual,30.00,,true,false,,https://cdn.shopify.com/s/files/1/1544/3585/products/product-image-93040682.jpg?v=1476471554,,,,,,,,,,,,,,,,,,https://cdn.shopify.com/s/files/1/1544/3585/products/product-image-93040678.jpg?v=1476471554,lb,
club-glasses,,,,,,,,7black green,,,,,414518-7black-green,0,shopify,1016,deny,manual,30.00,,true,false,,https://cdn.shopify.com/s/files/1/1544/3585/products/product-image-93040667.jpg?v=1476471554,,,,,,,,,,,,,,,,,,https://cdn.shopify.com/s/files/1/1544/3585/products/product-image-93040680.jpg?v=1476471554,lb,
club-glasses,,,,,,,,8black orange,,,,,414518-8black-orange,0,shopify,1019,deny,manual,30.00,,true,false,,https://cdn.shopify.com/s/files/1/1544/3585/products/product-image-93040681.jpg?v=1476471554,,,,,,,,,,,,,,,,,,https://cdn.shopify.com/s/files/1/1544/3585/products/product-image-93040681.jpg?v=1476471554,lb,
club-glasses,,,,,,,,9greenblue,,,,,414518-9greenblue,0,shopify,1019,deny,manual,30.00,,true,false,,https://cdn.shopify.com/s/files/1/1544/3585/products/product-image-93040680.jpg?v=1476471554,,,,,,,,,,,,,,,,,,https://cdn.shopify.com/s/files/1/1544/3585/products/product-image-93040682.jpg?v=1476471554,lb,
club-glasses,,,,,,,,10leopard brwon,,,,,414518-10leopard-brwon,0,shopify,1018,deny,manual,30.00,,true,false,,https://cdn.shopify.com/s/files/1/1544/3585/products/product-image-35139210.jpg?v=1476471554,,,,,,,,,,,,,,,,,,https://cdn.shopify.com/s/files/1/1544/3585/products/product-image-93040684.jpg?v=1476471554,lb,
club-glasses,,,,,,,,11matterblack,,,,,414518-11matterblack,0,shopify,1013,deny,manual,30.00,,true,false,,https://cdn.shopify.com/s/files/1/1544/3585/products/product-image-93040678.jpg?v=1476471554,,,,,,,,,,,,,,,,,,https://cdn.shopify.com/s/files/1/1544/3585/products/product-image-93040687.jpg?v=1476471554,lb,
club-glasses,,,,,,,,12black flat,,,,,414518-12black-flat,0,shopify,1019,deny,manual,30.00,,true,false,,https://cdn.shopify.com/s/files/1/1544/3585/products/product-image-93040687.jpg?v=1476471554,,,,,,,,,,,,,,,,,,,lb,
club-glasses,,,,,,,,14brown flat,,,,,414518-14brown-flat,0,shopify,1020,deny,manual,30.00,,true,false,,https://cdn.shopify.com/s/files/1/1544/3585/products/product-image-93040693.jpg?v=1476471554,,,,,,,,,,,,,,,,,,https://cdn.shopify.com/s/files/1/1544/3585/products/product-image-93040693.jpg?v=1476471554,lb,
club-glasses,,,,,,,,15leopard flat,,,,,414518-15leopard-flat,0,shopify,1021,deny,manual,30.00,,true,false,,,,,,,,,,,,,,,,,,,,,lb,
club-glasses,,,,,,,,16blackgold,,,,,414518-16blackgold,0,shopify,983,deny,manual,30.00,,true,false,,,,,,,,,,,,,,,,,,,,,lb,
vichy-glasses,Vichy Glasses,"<h1>Radical Transparency. </h1>
We designed our Vichy Glasses for the rule breaker, the millionaire ne'er do well, and the type of person that just likes to get sh*t done. The glasses are fitted with Iridium lenses with UV400 protection, so the only thing you'll have to worry about is where your fans want their autographs signed.",allenlake,"","gear, sunglasses",true,Lenses Color,Gold w black,,,,,111067-gold-w-black,0,shopify,421,deny,manual,78.00,,true,false,,https://cdn.shopify.com/s/files/1/1544/3585/products/product-image-93176263.jpg?v=1476486601,,false,,,,,,,,,,,,,,,,https://cdn.shopify.com/s/files/1/1544/3585/products/product-image-93176268.jpg?v=1476486601,lb,
vichy-glasses,,,,,,,,Matte black w black,,,,,111067-matte-black-w-black,0,shopify,461,deny,manual,78.00,,true,false,,https://cdn.shopify.com/s/files/1/1544/3585/products/product-image-93176272.jpg?v=1476486601,,,,,,,,,,,,,,,,,,https://cdn.shopify.com/s/files/1/1544/3585/products/product-image-93176269.jpg?v=1476486601,lb,
vichy-glasses,,,,,,,,Gold w blue ice mirr,,,,,111067-gold-w-blue-ice-mirr,0,shopify,816,deny,manual,78.00,,true,false,,https://cdn.shopify.com/s/files/1/1544/3585/products/product-image-93176268.jpg?v=1476486601,,,,,,,,,,,,,,,,,,https://cdn.shopify.com/s/files/1/1544/3585/products/product-image-93176270.jpg?v=1476486601,lb,
vichy-glasses,,,,,,,,Coffee w gold mirror,,,,,111067-coffee-w-gold-mirror,0,shopify,620,deny,manual,78.00,,true,false,,https://cdn.shopify.com/s/files/1/1544/3585/products/product-image-93176273.jpg?v=1476486601,,,,,,,,,,,,,,,,,,https://cdn.shopify.com/s/files/1/1544/3585/products/product-image-93176271.jpg?v=1476486601,lb,
vichy-glasses,,,,,,,,Silver w blue ice mi,,,,,111067-silver-w-blue-ice-mi,0,shopify,673,deny,manual,78.00,,true,false,,https://cdn.shopify.com/s/files/1/1544/3585/products/product-image-93176269.jpg?v=1476486601,,,,,,,,,,,,,,,,,,https://cdn.shopify.com/s/files/1/1544/3585/products/product-image-93176272.jpg?v=1476486601,lb,
vichy-glasses,,,,,,,,Gold  w pink mirror,,,,,111067-gold-w-pink-mirror,0,shopify,855,deny,manual,78.00,,true,false,,https://cdn.shopify.com/s/files/1/1544/3585/products/product-image-93176264.jpg?v=1476486601,,,,,,,,,,,,,,,,,,https://cdn.shopify.com/s/files/1/1544/3585/products/product-image-93176273.jpg?v=1476486601,lb,
vichy-glasses,,,,,,,,,,,,,,,,,,,,,,,,https://cdn.shopify.com/s/files/1/1544/3585/products/product-image-93176271.jpg?v=1476486601,,,,,,,,,,,,,,,,,,,,
vichy-glasses,,,,,,,,,,,,,,,,,,,,,,,,https://cdn.shopify.com/s/files/1/1544/3585/products/product-image-93176270.jpg?v=1476486601,,,,,,,,,,,,,,,,,,,,
brass-pocket-compass,Brass Pocket Compass,"<h1>Be Prepared. </h1>
Our Brass Pocket Compass is a stylish accessory but also an essential one. We grew up hiking along the Rocky Mountains, and we quickly learned that your best gear is only as good as the tools you have to navigate. Our compass ensures that you'll never again struggle to interpret your map, and that the trailhead won't ever get the best of you. The compass is pressure-sealed with 180 degree thermofluid tubing, which means that it's designed to out-live almost everything besides redwoods.",allenlake,"",survival,true,Title,Default Title,,,,,'136933,0,shopify,8326,deny,manual,30.00,,true,false,"",https://cdn.shopify.com/s/files/1/1544/3585/products/product-image-93686752.jpg?v=1476485567,,false,,,,,,,,,,,,,,,,,lb,
brass-pocket-compass,,,,,,,,,,,,,,,,,,,,,,,,https://cdn.shopify.com/s/files/1/1544/3585/products/product-image-77380880.jpg?v=1476485567,,,,,,,,,,,,,,,,,,,,
brass-pocket-compass,,,,,,,,,,,,,,,,,,,,,,,,https://cdn.shopify.com/s/files/1/1544/3585/products/product-image-93686751.jpg?v=1476485567,,,,,,,,,,,,,,,,,,,,
fivestar-compass-gps,FiveStar Compass (GPS),"<h1>When ""lost"" isn't in your vocabulary.</h1>
<p> The FiveStar Compass is a minimal pocket-GPS tracker that provides a plethora of real-time data to help you navigate the wilderness. Included in this marine-green device is longitude, lagitude, time and date, distance from point, and home-base tracker. Once you set the FiveStar at the beginning of your hike, it will keep track of your footsteps, and it will guide you back towards the start if you ever get lost. Try it once, and you'll never hike without it again. </p>",allenlake,"",survival,true,Title,Default Title,,,,,'2111450,0,shopify,997,deny,manual,55.00,,true,false,"",https://cdn.shopify.com/s/files/1/1544/3585/products/product-image-100405931.jpg?v=1476651205,,false,,,,,,,,,,,,,,,,,lb,
andromeda-shock-proof-iphone-case,Andromeda Shock-Proof iPhone Case,"<h1>Built to last.</h1>
<p>We built our signature phone case out of precision molded plastic, designed to withstand high temperatures and rugged conditions. </p>",allenlake,"",survival,true,Color,Black,,,,,845743-black,0,shopify,970,deny,manual,20.00,,true,false,,https://cdn.shopify.com/s/files/1/1544/3585/products/product-image-35432222.jpg?v=1476485123,,false,,,,,,,,,,,,,,,,,lb,
andromeda-shock-proof-iphone-case,,,,,,,,Blue,,,,,845743-blue,0,shopify,992,deny,manual,20.00,,true,false,,https://cdn.shopify.com/s/files/1/1544/3585/products/product-image-86034695.jpg?v=1476485123,,,,,,,,,,,,,,,,,,,lb,
andromeda-shock-proof-iphone-case,,,,,,,,Green,,,,,845743-green,0,shopify,995,deny,manual,20.00,,true,false,,https://cdn.shopify.com/s/files/1/1544/3585/products/product-image-35432220.jpg?v=1476485123,,,,,,,,,,,,,,,,,,,lb,
andromeda-shock-proof-iphone-case,,,,,,,,Orange,,,,,845743-orange,0,shopify,997,deny,manual,20.00,,true,false,,https://cdn.shopify.com/s/files/1/1544/3585/products/product-image-93621209.jpg?v=1476485123,,,,,,,,,,,,,,,,,,,lb,
andromeda-shock-proof-iphone-case,,,,,,,,Pink,,,,,845743-pink,0,shopify,994,deny,manual,20.00,,true,false,,https://cdn.shopify.com/s/files/1/1544/3585/products/product-image-35432219.jpg?v=1476485123,,,,,,,,,,,,,,,,,,,lb,
andromeda-shock-proof-iphone-case,,,,,,,,Purple,,,,,845743-purple,0,shopify,997,deny,manual,20.00,,true,false,,https://cdn.shopify.com/s/files/1/1544/3585/products/product-image-93621215.jpg?v=1476485123,,,,,,,,,,,,,,,,,,,lb,
andromeda-shock-proof-iphone-case,,,,,,,,Red,,,,,845743-red,0,shopify,996,deny,manual,20.00,,true,false,,https://cdn.shopify.com/s/files/1/1544/3585/products/product-image-93621212.jpg?v=1476485123,,,,,,,,,,,,,,,,,,,lb,
andromeda-shock-proof-iphone-case,,,,,,,,White,,,,,845743-white,0,shopify,993,deny,manual,20.00,,true,false,,,,,,,,,,,,,,,,,,,,,lb,
flaneur-quartz-watch,Flaneur Quartz Watch,"We named our Quartz watch after the french word for ""lounger."" Flaneurs are a unique breed of gentlemen who are often found wandering into coffee shops when they're not writing novels or climbing mountains. We named the watch after this elusive breed because we wanted to create a timepiece that would align itself with the leisurely sensibilities that come after one returns to civilization after a long journey in the outdoors. The watch carries all of the features of a cosmopolitan timepiece, including an integrated day-date feature, a chromatic astrology dial, and a stopwatch designed for accuracy within 1/100th of a second. It's the perfect watch for the modern man.",allenlake,"",watches,true,Color,Black,,,,,334602-black,0,shopify,378,deny,manual,100.00,,true,false,,https://cdn.shopify.com/s/files/1/1544/3585/products/product-image-96225810.jpg?v=1476486566,,false,,,,,,,,,,,,,,,,,lb,
flaneur-quartz-watch,,,,,,,,Blue,,,,,334602-blue,0,shopify,287,deny,manual,100.00,,true,false,,https://cdn.shopify.com/s/files/1/1544/3585/products/product-image-11796483.jpg?v=1476486566,,,,,,,,,,,,,,,,,,,lb,
flaneur-quartz-watch,,,,,,,,Brown,,,,,334602-brown,0,shopify,463,deny,manual,100.00,,true,false,,https://cdn.shopify.com/s/files/1/1544/3585/products/product-image-11796482.jpg?v=1476486566,,,,,,,,,,,,,,,,,,,lb,
flaneur-quartz-watch,,,,,,,,White,,,,,334602-white,0,shopify,462,deny,manual,100.00,,true,false,,https://cdn.shopify.com/s/files/1/1544/3585/products/product-image-96225811.jpg?v=1476486566,,,,,,,,,,,,,,,,,,,lb,
flaneur-quartz-watch,,,,,,,,Black Box,,,,,334602-black-box,0,shopify,455,deny,manual,100.00,,true,false,,https://cdn.shopify.com/s/files/1/1544/3585/products/product-image-11796484.jpg?v=1476486566,,,,,,,,,,,,,,,,,,,lb,
flaneur-quartz-watch,,,,,,,,Blue Box,,,,,334602-blue-box,0,shopify,429,deny,manual,100.00,,true,false,,,,,,,,,,,,,,,,,,,,,lb,
flaneur-quartz-watch,,,,,,,,Brown Box,,,,,334602-brown-box,0,shopify,484,deny,manual,100.00,,true,false,,,,,,,,,,,,,,,,,,,,,lb,
flaneur-quartz-watch,,,,,,,,White Box,,,,,334602-white-box,0,shopify,487,deny,manual,100.00,,true,false,,,,,,,,,,,,,,,,,,,,,lb,
tactical-flashlight,Tactical Flashlight,"<h1><b> No Curfews. Ever.</b></h1>
<p><strong></strong>Our tactical flashlight is 2000 lumens of brightness. Never worry about sundown again, and enjoy your hikes for longer periods by carrying our tactical flashlight with you. It's made from die-cast stainless steel and aluminum, so it's designed to withstand nearly anything you throw at it (or throw it at). Our design was inspired by the flashlights used by law enforcement, and so we set out to built a light that was as bright as it was durable. After countless sessions using the tactical light, we're excited to offer it to our customers. </p>",allenlake,"",survival,true,Title,Default Title,,,,,'410870,0,shopify,84,deny,manual,40.00,,true,false,"",https://cdn.shopify.com/s/files/1/1544/3585/products/product-image-79410227.jpg?v=1476586797,,false,,,,,,,,,,,,,,,,,lb,
tactical-flashlight,,,,,,,,,,,,,,,,,,,,,,,,https://cdn.shopify.com/s/files/1/1544/3585/products/product-image-92007005.jpg?v=1476586797,,,,,,,,,,,,,,,,,,,,
tactical-flashlight,,,,,,,,,,,,,,,,,,,,,,,,https://cdn.shopify.com/s/files/1/1544/3585/products/product-image-92006996.jpg?v=1476586797,,,,,,,,,,,,,,,,,,,,
tactical-flashlight,,,,,,,,,,,,,,,,,,,,,,,,https://cdn.shopify.com/s/files/1/1544/3585/products/product-image-92007016.jpg?v=1476586797,,,,,,,,,,,,,,,,,,,,
tactical-flashlight,,,,,,,,,,,,,,,,,,,,,,,,https://cdn.shopify.com/s/files/1/1544/3585/products/product-image-92007002.jpg?v=1476586797,,,,,,,,,,,,,,,,,,,,
azola-quartz-watch,Azola Quartz Watch,"<h1>The Future of Horology.</h1>
We named our Azola Quartz Watch after a genus of seven species of aquatic ferns in the family Salviniaceae. We chose this name because of the small but powerful nature of this genus type. They are extremely reduced in form and specialized, looking nothing like other typical ferns but more resembling duckweed or some mosses. Similarly, our watch looks nothing like other watches, and resembles the soft lifeforms that you're more likely to encounter in a garden than on your wrist. But we don't think that there is anything wrong with that.",allenlake,"",watches,true,Color,Black,,,,,3338-black,0,shopify,469,deny,manual,50.00,,true,false,,https://cdn.shopify.com/s/files/1/1544/3585/products/product-image-103629.jpg?v=1476399168,,false,,,,,,,,,,,,,,,,,lb,
azola-quartz-watch,,,,,,,,,,,,,,,,,,,,,,,,https://cdn.shopify.com/s/files/1/1544/3585/products/product-image-103630.jpg?v=1476399168,,,,,,,,,,,,,,,,,,,,
azola-quartz-watch,,,,,,,,,,,,,,,,,,,,,,,,https://cdn.shopify.com/s/files/1/1544/3585/products/product-image-103632.jpg?v=1476399168,,,,,,,,,,,,,,,,,,,,
marine-field-watch,Marine Field Watch,"<h1>Mastery. </h1>
Our Marine Field Watch is designed for the experts in mind. The masters. This is the watch for those who seek precious timekeeping with minimal intrusions into their watch. It's the most reliable and accurate watch we've built, and it's also one of our favorites. The Marine Field Watch is set with a mechanical Quartz movement, designed for accuracy within 1/100th of a second. The day-date has been redesigned to encompass the same movement as the watch hands, which means that the replaceable cell battery is able to maintain its capacity for longer periods of time. Which means that you'll never have to worry that your clock will stop ticking. Because when the clock is ticking, the only thing at stake is everything.",allenlake,"",watches,true,Color,Black,,,,,194385-black,0,shopify,333,deny,manual,175.00,,true,false,,https://cdn.shopify.com/s/files/1/1544/3585/products/product-image-93102652.jpg?v=1476399208,,false,,,,,,,,,,,,,,,,,lb,
marine-field-watch,,,,,,,,Khaki,,,,,194385-khaki,0,shopify,685,deny,manual,175.00,,true,false,,,,,,,,,,,,,,,,,,,,,lb,
marine-field-watch,,,,,,,,Green,,,,,194385-green,0,shopify,444,deny,manual,175.00,,true,false,,,,,,,,,,,,,,,,,,,,https://cdn.shopify.com/s/files/1/1544/3585/products/product-image-93102652.jpg?v=1476399208,lb,
marine-field-watch,,,,,,,,Brown,,,,,194385-brown,0,shopify,714,deny,manual,175.00,,true,false,,,,,,,,,,,,,,,,,,,,,lb,
led-survival-lamp,LED Survival Lamp,"<h1>Night &amp; Day.</h1>
Night and day. That's the difference between this headlamp and its competitors. Not only is our LED brighter, but the built in NiMH battery is designed to hold nearly twice as much juice as its closest competitor. When we built our survival lamp, our first mission was to build something bright, but not heavy enough to make carrying a burden. By using recycled plastic and a crystalline bulb lamp, our light is lighter than most other comparable pieces you've held before. And our adjustable elestic headband ensures that your most precious asset, your hands, are free for use when you need them most. *Note* This item is not available for shipping outside the United States.",allenlake,"",light,true,Title,Default Title,,,,,'136236,0,shopify,287,deny,manual,35.00,,true,false,"",https://cdn.shopify.com/s/files/1/1544/3585/products/product-image-77513127.jpg?v=1476398164,,false,,,,,,,,,,,,,,,,,lb,
led-survival-lamp,,,,,,,,,,,,,,,,,,,,,,,,https://cdn.shopify.com/s/files/1/1544/3585/products/product-image-4938683.jpg?v=1476398164,,,,,,,,,,,,,,,,,,,,
led-survival-lamp,,,,,,,,,,,,,,,,,,,,,,,,https://cdn.shopify.com/s/files/1/1544/3585/products/product-image-4938685.jpg?v=1476398164,,,,,,,,,,,,,,,,,,,,
dovetail-bomber,DoveTail Bomber,"<h1><span><strong>All-Day Comfort.</strong></span></h1>
<span>﻿The DoveTail Bomber is built for nearly anything. It's a versatile jacket that is just as happy in your Delancey Roll-Top bag as it is on your torso after a grueling trek up Nashua. The DoveTail is best suited towards a versatile windbreaker, and makes a great general style pick. </span>
<p> </p>
<table>
<tbody>
<tr>
<th>size</th>
<th>Cross Shoulder(cm)</th>
<th>Chest Width(cm)</th>
<th>Body Length(cm)</th>
<th>Sleeve Length(cm)</th>
<th>Weight Range(kg)</th>
</tr>
<tr>
<td>M</td>
<td>66</td>
<td>110</td>
<td>46</td>
<td>61</td>
<td>40-50</td>
</tr>
<tr>
<td>L</td>
<td>68</td>
<td>114</td>
<td>47.5</td>
<td>62.5</td>
<td>50-60</td>
</tr>
<tr>
<td>XL</td>
<td>70</td>
<td>118</td>
<td>49</td>
<td>64</td>
<td>60-70</td>
</tr>
<tr>
<td>XXL</td>
<td>72</td>
<td>122</td>
<td>50.5</td>
<td>65.5</td>
<td>70-75</td>
</tr>
<tr>
<td>XXXL</td>
<td>74</td>
<td>126</td>
<td>52</td>
<td>67</td>
<td>75-85</td>
</tr>
<tr>
<td>4XL</td>
<td>76</td>
<td>130</td>
<td>53.5</td>
<td>68.5</td>
<td>85-95</td>
</tr>
<tr>
<td>5XL</td>
<td>78</td>
<td>134</td>
<td>55</td>
<td>70</td>
<td>95-110</td>
</tr>
</tbody>
</table>",allenlake,"",mjacket,true,Color,black,Size,M,,,1397008-black-m,0,shopify,484,deny,manual,115.00,,true,false,,https://cdn.shopify.com/s/files/1/1544/3585/products/product-image-76330098.jpg?v=1476398128,,false,,,,,,,,,,,,,,,,,lb,
dovetail-bomber,,,,,,,,black,,L,,,1397008-black-l,0,shopify,481,deny,manual,115.00,,true,false,,https://cdn.shopify.com/s/files/1/1544/3585/products/product-image-92999778.jpg?v=1476398140,,,,,,,,,,,,,,,,,,,lb,
dovetail-bomber,,,,,,,,black,,XL,,,1397008-black-xl,0,shopify,483,deny,manual,115.00,,true,false,,https://cdn.shopify.com/s/files/1/1544/3585/products/product-image-92999776.jpg?v=1476398140,,,,,,,,,,,,,,,,,,,lb,
dovetail-bomber,,,,,,,,black,,XXL,,,1397008-black-xxl,0,shopify,482,deny,manual,115.00,,true,false,,https://cdn.shopify.com/s/files/1/1544/3585/products/product-image-92999774.jpg?v=1476398141,,,,,,,,,,,,,,,,,,,lb,
dovetail-bomber,,,,,,,,black,,XXXL,,,1397008-black-xxxl,0,shopify,483,deny,manual,115.00,,true,false,,https://cdn.shopify.com/s/files/1/1544/3585/products/product-image-92999780.jpg?v=1476398141,,,,,,,,,,,,,,,,,,,lb,
dovetail-bomber,,,,,,,,black,,4XL,,,1397008-black-4xl,0,shopify,485,deny,manual,115.00,,true,false,,,,,,,,,,,,,,,,,,,,,lb,
dovetail-bomber,,,,,,,,black,,5XL,,,1397008-black-5xl,0,shopify,484,deny,manual,115.00,,true,false,,,,,,,,,,,,,,,,,,,,,lb,
dovetail-bomber,,,,,,,,blue,,M,,,1397008-blue-m,0,shopify,470,deny,manual,115.00,,true,false,,,,,,,,,,,,,,,,,,,,,lb,
dovetail-bomber,,,,,,,,blue,,L,,,1397008-blue-l,0,shopify,466,deny,manual,115.00,,true,false,,,,,,,,,,,,,,,,,,,,,lb,
dovetail-bomber,,,,,,,,blue,,XL,,,1397008-blue-xl,0,shopify,453,deny,manual,115.00,,true,false,,,,,,,,,,,,,,,,,,,,,lb,
dovetail-bomber,,,,,,,,blue,,XXL,,,1397008-blue-xxl,0,shopify,474,deny,manual,115.00,,true,false,,,,,,,,,,,,,,,,,,,,,lb,
dovetail-bomber,,,,,,,,blue,,XXXL,,,1397008-blue-xxxl,0,shopify,481,deny,manual,115.00,,true,false,,,,,,,,,,,,,,,,,,,,,lb,
dovetail-bomber,,,,,,,,blue,,4XL,,,1397008-blue-4xl,0,shopify,491,deny,manual,115.00,,true,false,,,,,,,,,,,,,,,,,,,,,lb,
dovetail-bomber,,,,,,,,blue,,5XL,,,1397008-blue-5xl,0,shopify,484,deny,manual,115.00,,true,false,,,,,,,,,,,,,,,,,,,,,lb,
northpoint-vest,NorthPoint Vest,"<p>When tasked with constructing a warmer winter vest, we had to struggle with several constraints. Obviously, the vest needed to be warm. But it also had to be light and flexible enough to stuff into a rucksack or underneath an airplane seat. And, we needed to design it to withstand the elements. Flimsy materials weren't going to cut it. If we wanted to build a perfect vest, we had to get everything right. And yet, we did it. Here's how: a cotton-polyester down-Goose lining maintains your core temperature, while a wind-stopper outer-shell takes the edge off of the windchill. The military-grade zipper is built to function for 100,000 zips, which is probably enough for at least two lifetimes. And the lightweight construction is perfect for rolling it up into a ball for storage. We're proud of what we've accomplished with the NorthPoint, and we're excited to introduce you to this brilliant feat of engineering and product design.  </p>",allenlake,"","apparel, mjacket, mvest",true,Color,Red,Size,M,,,741643-red-m,0,shopify,29,deny,manual,135.00,,true,false,,https://cdn.shopify.com/s/files/1/1544/3585/products/product-image-91280387.jpg?v=1476647419,,false,,,,,,,,,,,,,,,,https://cdn.shopify.com/s/files/1/1544/3585/products/product-image-91280387.jpg?v=1476647419,lb,
northpoint-vest,,,,,,,,Red,,L,,,741643-red-l,0,shopify,29,deny,manual,135.00,,true,false,,https://cdn.shopify.com/s/files/1/1544/3585/products/product-image-76711262.jpg?v=1476647419,,,,,,,,,,,,,,,,,,https://cdn.shopify.com/s/files/1/1544/3585/products/product-image-91280387.jpg?v=1476647419,lb,
northpoint-vest,,,,,,,,Red,,XL,,,741643-red-xl,0,shopify,29,deny,manual,135.00,,true,false,,https://cdn.shopify.com/s/files/1/1544/3585/products/product-image-91280385.jpg?v=1476647419,,,,,,,,,,,,,,,,,,https://cdn.shopify.com/s/files/1/1544/3585/products/product-image-91280387.jpg?v=1476647419,lb,
northpoint-vest,,,,,,,,Blue,,M,,,741643-blue-m,0,shopify,29,deny,manual,135.00,,true,false,,https://cdn.shopify.com/s/files/1/1544/3585/products/product-image-91280388.jpg?v=1476647419,,,,,,,,,,,,,,,,,,https://cdn.shopify.com/s/files/1/1544/3585/products/product-image-91280385.jpg?v=1476647419,lb,
northpoint-vest,,,,,,,,Blue,,L,,,741643-blue-l,0,shopify,28,deny,manual,135.00,,true,false,,https://cdn.shopify.com/s/files/1/1544/3585/products/product-image-91280386.jpg?v=1476647419,,,,,,,,,,,,,,,,,,https://cdn.shopify.com/s/files/1/1544/3585/products/product-image-91280385.jpg?v=1476647419,lb,
northpoint-vest,,,,,,,,Blue,,XL,,,741643-blue-xl,0,shopify,28,deny,manual,135.00,,true,false,,,,,,,,,,,,,,,,,,,,https://cdn.shopify.com/s/files/1/1544/3585/products/product-image-91280385.jpg?v=1476647419,lb,
northpoint-vest,,,,,,,,Navy,,M,,,741643-dark-blue-m,0,shopify,29,deny,manual,135.00,,true,false,,,,,,,,,,,,,,,,,,,,https://cdn.shopify.com/s/files/1/1544/3585/products/product-image-91280386.jpg?v=1476647419,lb,
northpoint-vest,,,,,,,,Navy,,L,,,741643-dark-blue-l,0,shopify,29,deny,manual,135.00,,true,false,,,,,,,,,,,,,,,,,,,,https://cdn.shopify.com/s/files/1/1544/3585/products/product-image-91280386.jpg?v=1476647419,lb,
northpoint-vest,,,,,,,,Navy,,XL,,,741643-dark-blue-xl,0,shopify,26,deny,manual,135.00,,true,false,,,,,,,,,,,,,,,,,,,,https://cdn.shopify.com/s/files/1/1544/3585/products/product-image-91280386.jpg?v=1476647419,lb,
northpoint-vest,,,,,,,,Black,,M,,,741643-black-m,0,shopify,29,deny,manual,135.00,,true,false,,,,,,,,,,,,,,,,,,,,https://cdn.shopify.com/s/files/1/1544/3585/products/product-image-91280388.jpg?v=1476647419,lb,
northpoint-vest,,,,,,,,Black,,L,,,741643-black-l,0,shopify,28,deny,manual,135.00,,true,false,,,,,,,,,,,,,,,,,,,,https://cdn.shopify.com/s/files/1/1544/3585/products/product-image-91280388.jpg?v=1476647419,lb,
northpoint-vest,,,,,,,,Black,,XL,,,741643-black-xl,0,shopify,29,deny,manual,135.00,,true,false,,,,,,,,,,,,,,,,,,,,https://cdn.shopify.com/s/files/1/1544/3585/products/product-image-91280388.jpg?v=1476647419,lb,
handmade-cowhide-wallet,Handmade Cowhide Wallet,"<h1>Be Bold.<br><br>
</h1>
When we set out to craft a high quality leather wallet, our first ambition was to use the best leather we could find. Fashioned out of South Dakota cowhide, our handmade wallet is flexible, supple, and one of our most rugged creations yet. Built for you, and built to last. 
<p> </p>",allenlake,"",gear,true,Color,Flagship,,,,,127546-horizontal,0,shopify,38,deny,manual,90.00,,true,false,,https://cdn.shopify.com/s/files/1/1544/3585/products/product-image-93367886.jpg?v=1476399186,,false,,,,,,,,,,,,,,,,https://cdn.shopify.com/s/files/1/1544/3585/products/product-image-93367886.jpg?v=1476399186,lb,
handmade-cowhide-wallet,,,,,,,,,,,,,,,,,,,,,,,,https://cdn.shopify.com/s/files/1/1544/3585/products/product-image-93367878.jpg?v=1476399186,,,,,,,,,,,,,,,,,,,,
handmade-cowhide-wallet,,,,,,,,,,,,,,,,,,,,,,,,https://cdn.shopify.com/s/files/1/1544/3585/products/product-image-93367876.jpg?v=1476399186,,,,,,,,,,,,,,,,,,,,
handmade-cowhide-wallet,,,,,,,,,,,,,,,,,,,,,,,,https://cdn.shopify.com/s/files/1/1544/3585/products/product-image-40980277.jpg?v=1476399186,,,,,,,,,,,,,,,,,,,,
handmade-cowhide-wallet,,,,,,,,,,,,,,,,,,,,,,,,https://cdn.shopify.com/s/files/1/1544/3585/products/product-image-40980272.jpg?v=1476399186,,,,,,,,,,,,,,,,,,,,
handmade-cowhide-wallet,,,,,,,,,,,,,,,,,,,,,,,,https://cdn.shopify.com/s/files/1/1544/3585/products/product-image-93367888.jpg?v=1476399186,,,,,,,,,,,,,,,,,,,,
handmade-cowhide-wallet,,,,,,,,,,,,,,,,,,,,,,,,https://cdn.shopify.com/s/files/1/1544/3585/products/product-image-40980273.jpg?v=1476399186,,,,,,,,,,,,,,,,,,,,
handmade-cowhide-wallet,,,,,,,,,,,,,,,,,,,,,,,,https://cdn.shopify.com/s/files/1/1544/3585/products/product-image-40980275.jpg?v=1476399186,,,,,,,,,,,,,,,,,,,,
handmade-cowhide-wallet,,,,,,,,,,,,,,,,,,,,,,,,https://cdn.shopify.com/s/files/1/1544/3585/products/product-image-85069094.jpg?v=1476399186,,,,,,,,,,,,,,,,,,,,
handmade-cowhide-wallet,,,,,,,,,,,,,,,,,,,,,,,,https://cdn.shopify.com/s/files/1/1544/3585/products/product-image-40980274.jpg?v=1476399186,,,,,,,,,,,,,,,,,,,,
handmade-cowhide-wallet,,,,,,,,,,,,,,,,,,,,,,,,https://cdn.shopify.com/s/files/1/1544/3585/products/product-image-93367880.jpg?v=1476399186,,,,,,,,,,,,,,,,,,,,
handmade-cowhide-wallet,,,,,,,,,,,,,,,,,,,,,,,,https://cdn.shopify.com/s/files/1/1544/3585/products/product-image-28340619.jpg?v=1476399186,,,,,,,,,,,,,,,,,,,,
rogue-hill-autumn-jacket,Rogue Hill Autumn Jacket,"<p>We built our RogueHill Jacket to withstand the brutal Wisconsin winters that we grew up with in the Midwestern United States. This jacket is no exeception to our experiences, and we decided to start from scratch: first, we lined the shell with a nylon-down padding that blocks wind and keeps your core warm. On the outside, we incorporate a signature wind-proof stocking to protect against wind-chill, so you'll never be caught off guard again by what the weatherman really meant when he said ""real feel.""</p>",allenlake,"",mjacket,true,Color,black,Size,M,,,5833-black-m,0,shopify,903,deny,manual,160.00,,true,false,,https://cdn.shopify.com/s/files/1/1544/3585/products/product-image-93367814.jpg?v=1476647667,,false,,,,,,,,,,,,,,,,,lb,
rogue-hill-autumn-jacket,,,,,,,,black,,L,,,5833-black-l,0,shopify,913,deny,manual,160.00,,true,false,,https://cdn.shopify.com/s/files/1/1544/3585/products/product-image-93367815.jpg?v=1476647667,,,,,,,,,,,,,,,,,,,lb,
rogue-hill-autumn-jacket,,,,,,,,black,,XL,,,5833-black-xl,0,shopify,891,deny,manual,160.00,,true,false,,https://cdn.shopify.com/s/files/1/1544/3585/products/product-image-60005131.jpg?v=1476647667,,,,,,,,,,,,,,,,,,,lb,
rogue-hill-autumn-jacket,,,,,,,,black,,XXL,,,5833-black-xxl,0,shopify,899,deny,manual,160.00,,true,false,,https://cdn.shopify.com/s/files/1/1544/3585/products/product-image-93367817.jpg?v=1476647667,,,,,,,,,,,,,,,,,,,lb,
rogue-hill-autumn-jacket,,,,,,,,black,,XXXL,,,5833-black-xxxl,0,shopify,923,deny,manual,160.00,,true,false,,https://cdn.shopify.com/s/files/1/1544/3585/products/product-image-93367816.jpg?v=1476647667,,,,,,,,,,,,,,,,,,,lb,
rogue-hill-autumn-jacket,,,,,,,,sky blue,,M,,,5833-sky-blue-m,0,shopify,974,deny,manual,160.00,,true,false,,,,,,,,,,,,,,,,,,,,,lb,
rogue-hill-autumn-jacket,,,,,,,,sky blue,,L,,,5833-sky-blue-l,0,shopify,972,deny,manual,160.00,,true,false,,,,,,,,,,,,,,,,,,,,,lb,
rogue-hill-autumn-jacket,,,,,,,,sky blue,,XL,,,5833-sky-blue-xl,0,shopify,975,deny,manual,160.00,,true,false,,,,,,,,,,,,,,,,,,,,,lb,
rogue-hill-autumn-jacket,,,,,,,,sky blue,,XXL,,,5833-sky-blue-xxl,0,shopify,974,deny,manual,160.00,,true,false,,,,,,,,,,,,,,,,,,,,,lb,
rogue-hill-autumn-jacket,,,,,,,,sky blue,,XXXL,,,5833-sky-blue-xxxl,0,shopify,981,deny,manual,160.00,,true,false,,,,,,,,,,,,,,,,,,,,,lb,
rogue-hill-autumn-jacket,,,,,,,,khaki,,M,,,5833-khaki-m,0,shopify,910,deny,manual,160.00,,true,false,,,,,,,,,,,,,,,,,,,,,lb,
rogue-hill-autumn-jacket,,,,,,,,khaki,,L,,,5833-khaki-l,0,shopify,907,deny,manual,160.00,,true,false,,,,,,,,,,,,,,,,,,,,,lb,
rogue-hill-autumn-jacket,,,,,,,,khaki,,XL,,,5833-khaki-xl,0,shopify,914,deny,manual,160.00,,true,false,,,,,,,,,,,,,,,,,,,,,lb,
rogue-hill-autumn-jacket,,,,,,,,khaki,,XXL,,,5833-khaki-xxl,0,shopify,908,deny,manual,160.00,,true,false,,,,,,,,,,,,,,,,,,,,,lb,
rogue-hill-autumn-jacket,,,,,,,,khaki,,XXXL,,,5833-khaki-xxxl,0,shopify,937,deny,manual,160.00,,true,false,,,,,,,,,,,,,,,,,,,,,lb,
rogue-hill-autumn-jacket,,,,,,,,green,,M,,,5833-green-m,0,shopify,960,deny,manual,160.00,,true,false,,,,,,,,,,,,,,,,,,,,,lb,
rogue-hill-autumn-jacket,,,,,,,,green,,L,,,5833-green-l,0,shopify,970,deny,manual,160.00,,true,false,,,,,,,,,,,,,,,,,,,,,lb,
rogue-hill-autumn-jacket,,,,,,,,green,,XL,,,5833-green-xl,0,shopify,976,deny,manual,160.00,,true,false,,,,,,,,,,,,,,,,,,,,,lb,
rogue-hill-autumn-jacket,,,,,,,,green,,XXL,,,5833-green-xxl,0,shopify,960,deny,manual,160.00,,true,false,,,,,,,,,,,,,,,,,,,,,lb,
rogue-hill-autumn-jacket,,,,,,,,green,,XXXL,,,5833-green-xxxl,0,shopify,949,deny,manual,160.00,,true,false,,,,,,,,,,,,,,,,,,,,,lb,
rogue-hill-autumn-jacket,,,,,,,,navy blue,,M,,,5833-navy-blue-m,0,shopify,776,deny,manual,160.00,,true,false,,,,,,,,,,,,,,,,,,,,,lb,
rogue-hill-autumn-jacket,,,,,,,,navy blue,,L,,,5833-navy-blue-l,0,shopify,731,deny,manual,160.00,,true,false,,,,,,,,,,,,,,,,,,,,,lb,
rogue-hill-autumn-jacket,,,,,,,,navy blue,,XL,,,5833-navy-blue-xl,0,shopify,700,deny,manual,160.00,,true,false,,,,,,,,,,,,,,,,,,,,,lb,
rogue-hill-autumn-jacket,,,,,,,,navy blue,,XXL,,,5833-navy-blue-xxl,0,shopify,664,deny,manual,160.00,,true,false,,,,,,,,,,,,,,,,,,,,,lb,
rogue-hill-autumn-jacket,,,,,,,,navy blue,,XXXL,,,5833-navy-blue-xxxl,0,shopify,763,deny,manual,160.00,,true,false,,,,,,,,,,,,,,,,,,,,,lb,
